HLA-B*27:05	HLA-C*01:02	HLA-C*02:02	Gene	AA_change	Num_Transcript	Peptide	Pos	Num_Peptides	ic50_MT	ic50_WT	percentile_MT	percentile_WT	RNA_expr	RNA_VAF	RNA_Depth	DNA_VAF	tier
X	X		MYO18B	FS889	1	SRWASRMRK	4	10	12.28	NA	0.02	NA	0.0	0.0	0.0	0.421	NoExpr
X			FOXB2	R108C	1	RRKCFKVLR	4	11	25.54	23.12	0.03	0.03	0.0	0.0	0.0	0.138	NoExpr
X	X		GSTP1	FS95-96	1	TSPSSTPTM	0	2	30.76	NA	0.02	NA	0.0	0.0	0.0	0.054	NoExpr
		X	IL22RA1	P214L	1	WAKESALYM	7	1	47.59	93.25	0.03	0.05	0.0	0.0	0.0	0.486	NoExpr
	X	X	NARS2	V366I	1	FIINYPLTL	2	1	55.58	28.85	0.04	0.02	0.0	0.0	0.0	0.404	NoExpr
X	X	X	CC2D2A	I357M	1	GRILALPNPM	10	4	55.77	109.14	0.12	0.24	0.0	0.0	0.0	0.096	NoExpr
X			CCZ1B	L179V	1	HRYLQTVHL	7	4	56.54	27.72	0.12	0.03	0.0	0.0	0.0	0.228	NoExpr
X	X		MMP9	FS349	1	RRMSSATRW	0	8	59.89	NA	0.13	NA	0.0	0.0	0.0	0.167	NoExpr
		X	DCAF11	F187S	1	YSKDGQISM	8	1	61.79	53.18	0.04	0.04	0.0	0.0	0.0	0.078	NoExpr
X			ANKRD33	Y140F	1	GRTGLMVACF	10	1	74.45	114.33	0.17	0.26	0.0	0.0	0.0	0.039	NoExpr
X		X	COL6A2	A137V	1	RRGTFTDCVL	9	4	103.95	87.39	0.23	0.19	0.0	0.0	0.0	0.472	NoExpr
X			MRVI1	TK452-453K	1	VRMQKLKLR	7	2	114.93	90.2	0.26	0.2	0.0	0.0	0.0	0.034	NoExpr
		X	DIRC2	R337S	1	IAMASFADF	5	1	127.73	167.69	0.06	0.07	0.0	0.0	0.0	0.042	NoExpr
X			BAZ1A	P875S	1	SRDHSVQLPK	1	1	131.43	2292.67	0.3	2.8	0.0	0.0	0.0	0.163	NoExpr
X	X		LRP1B	G1908R	1	SRTSFAVGI	2	4	132.15	25327.24	0.3	28.0	0.0	0.0	0.0	0.092	NoExpr
		X	PKD1L1	T346I	1	MAVIAYHQY	4	1	183.0	88.47	0.07	0.05	0.0	0.0	0.0	0.36	NoExpr
		X	ATP8B4	H452N	1	FQFFDHNLM	7	1	189.05	104.52	0.08	0.05	0.0	0.0	0.0	0.034	NoExpr
		X	BAZ2A	FS386-409	1	ISHPLFSYI	0	2	194.69	NA	0.08	NA	0.0	0.0	0.0	0.089	NoExpr
	X	X	OR8G5	S281L	1	FSTCSSHIL	9	1	209.51	11756.7	0.08	5.1	0.0	0.0	0.0	0.023	NoExpr
X		X	FAM214A	I389F	1	ARIAQHLFH	8	4	231.97	347.53	0.53	0.75	0.0	0.0	0.0	0.237	NoExpr
X		X	RFX3	E632K	1	IRLLYDKYMF	7	4	247.3	390.2	0.56	0.8	0.0	0.0	0.0	0.595	NoExpr
X			RELN	S2162R	1	IRTKNPDFLK	2	1	287.06	24709.56	0.64	27.0	0.0	0.0	0.0	0.071	NoExpr
X			CDH23	A225T	1	TRPLSTLTNL	8	1	293.52	311.37	0.66	0.69	0.0	0.0	0.0	0.059	NoExpr
X			NFYA	R295K	1	KRKYLHESR	1	1	295.87	105.73	0.67	0.24	0.0	0.0	0.0	0.048	NoExpr
		X	CR2	F516L	1	GTIPWLMEI	6	1	307.85	378.6	0.12	0.15	0.0	0.0	0.0	0.067	NoExpr
	X	X	SRRM4	R240H	1	SSHPPSQPL	3	1	310.67	591.69	0.06	0.12	0.0	0.0	0.0	0.367	NoExpr
X		X	SLIT2	A193V	1	VSFNHMPKL	1	5	322.58	467.43	0.13	0.19	0.0	0.0	0.0	0.083	NoExpr
X			TRPM7	E573K	1	KKMRHNHFIK	1	2	388.4	5572.82	0.8	5.2	0.0	0.0	0.0	0.047	NoExpr
X			NAA20	D109Y	1	SERKGGFFVY	10	2	402.53	11391.93	0.82	9.2	0.0	0.0	0.0	0.047	NoExpr
		X	OR8G5	S284A	1	VAVFFGSAAF	2	3	473.25	894.12	0.19	0.34	0.0	0.0	0.0	0.023	NoExpr
		X	KRAS	L19F	1	FTIQLIQNHF	1	1	524.52	2741.37	0.21	1.2	0.0	0.0	0.0	0.357	NoExpr
		X	SPOP	N62S	1	FSSGASDKL	6	1	552.35	862.63	0.22	0.34	0.0	0.0	0.0	0.338	NoExpr
X			CEP112	A78V	1	KRGVLEGPF	4	1	572.58	387.48	1.2	0.8	0.0	0.0	0.0	0.091	NoExpr
		X	TACR2	Y122H	1	FVSIHSMTAI	5	3	603.02	736.07	0.24	0.29	0.0	0.0	0.0	0.071	NoExpr
X			TCTN1	P309L	1	RREDTDVLQL	10	1	671.11	14094.65	1.3	13.0	0.0	0.0	0.0	0.274	NoExpr
X			NAA20	D109V	1	SERKGGFFVV	10	1	715.51	11391.93	1.4	9.2	0.0	0.0	0.0	0.047	NoExpr
X			ARID4B	G582E	1	VRYGREKNQK	6	1	734.91	320.87	1.4	0.7	0.0	0.0	0.0	0.034	NoExpr
X			CAMSAP1	FS1235	1	SRASLIEWTS	8	2	737.43	258.98	1.4	0.6	0.0	0.0	0.0	0.059	NoExpr
	X		MUC5AC	T4796A	1	RLYPAGSAI	8	1	759.08	902.15	0.14	0.15	0.0	0.0	0.0	0.167	NoExpr
		X	NETO1	C96W	1	YSIEPSWEW	9	1	795.18	2254.76	0.31	0.84	0.0	0.0	0.0	0.359	NoExpr
X			NAA20	V108L	1	ERKGGFFLDL	8	1	901.33	2133.02	1.6	2.7	0.0	0.0	0.0	0.048	NoExpr
X			KRT35	M269V	1	VRCQYETLV	1	1	977.6	209.48	1.7	0.49	0.0	0.0	0.0	0.1	NoExpr
			PIGR	P372L	0	GSVAVLCLY	8	0	1126.93	877.09	0.44	0.34	0.0	0.0	0.0	0.453	NoExpr
			GPR142	S77G	0	GSFRQAQCLRK	1	0	1147.91	1635.55	1.9	2.3	0.0	0.0	0.0	0.083	NoExpr
			TAAR2	Q17K	0	KRTKTKKEK	4	0	1233.44	1113.8	1.9	1.8	0.0	0.0	0.0	0.025	NoExpr
			FLG2	Q2075R	0	HERHGTTHGR	10	0	1238.79	9220.43	1.9	7.6	0.0	0.0	0.0	0.338	NoExpr
			TPX2	R315G	0	GTFDETVSTY	1	0	1346.7	506.98	0.52	0.21	0.0	0.0	0.0	0.203	NoExpr
			TRIM37	D926N	0	SVGGFHNSF	7	0	1398.85	3116.12	0.54	1.3	0.0	0.0	0.0	0.344	NoExpr
			VPS13A	V3064F	0	FMENGRFAKY	1	0	1542.31	8825.4	0.6	3.6	0.0	0.0	0.0	0.069	NoExpr
			HUWE1	A877T	0	LRELACTGNV	7	0	1572.05	1775.01	2.2	2.4	0.0	0.0	0.0	0.06	NoExpr
			TNR	R944H	0	GREESEHICTL	7	0	1666.95	2139.35	2.3	2.7	0.0	0.0	0.0	0.287	NoExpr
			ADCY6	Y865H	0	TIFDNHDLL	6	0	1689.89	2113.1	0.64	0.8	0.0	0.0	0.0	0.045	NoExpr
			TIMM10B	S59C	0	LIHCNHRLM	4	0	1736.68	1181.53	0.65	0.46	0.0	0.0	0.0	0.14	NoExpr
			NAA20	L110F	0	ERKGGFFVDF	10	0	1855.73	2133.02	2.5	2.7	0.0	0.0	0.0	0.043	NoExpr
			TAAR2	T18K	0	KRTQKKKEK	5	0	1871.01	1113.8	2.5	1.8	0.0	0.0	0.0	0.033	NoExpr
			LRRC66	D417G	0	KSPGLGNAY	6	0	1984.27	4557.0	0.75	1.8	0.0	0.0	0.0	0.12	NoExpr
			MUC3A	T348I	0	ITKIAYSTSM	1	0	2179.04	2867.4	0.82	1.2	0.0	0.0	0.0	0.059	NoExpr
			TAAR2	T16K	0	KRKQTKKEK	3	0	2393.55	1113.8	2.9	1.8	0.0	0.0	0.0	0.024	NoExpr
			RELN	T2163N	0	ISNKNPDFL	3	0	2465.31	4470.27	0.92	1.8	0.0	0.0	0.0	0.071	NoExpr
			OCRL	R318C	0	KKVQLVCLV	7	0	2857.95	2419.02	3.3	2.9	0.0	0.0	0.0	0.255	NoExpr
			PRCC	A148S	0	KRKEPVKISA	9	0	3266.46	3057.6	3.6	3.4	0.0	0.0	0.0	0.054	NoExpr
			FSIP2	M3215T	0	TLTDQCTYF	3	0	3433.52	1299.98	1.4	0.51	0.0	0.0	0.0	0.36	NoExpr
			BRIP1	M532L	0	MLKGLFLVL	7	0	3626.59	2930.79	1.5	1.2	0.0	0.0	0.0	0.378	NoExpr
			HOXD3	A347T	0	FTSANLQGSPV	2	0	3825.95	2324.57	1.5	0.87	0.0	0.0	0.0	0.177	NoExpr
			SLC9A8	V183L	0	FLGQGFFFL	9	0	3859.21	5255.53	1.6	2.1	0.0	0.0	0.0	0.207	NoExpr
			KCNT2	S808G	0	STMGAEEDY	4	0	4198.13	4330.07	1.7	1.7	0.0	0.0	0.0	0.186	NoExpr
			TRPM7	D570N	0	GNRANKKEKM	5	0	4815.16	6512.81	4.7	5.8	0.0	0.0	0.0	0.048	NoExpr
			PRKRIP1	S70P	0	VRDVMGPSAGA	7	0	4827.58	5051.36	4.7	4.9	0.0	0.0	0.0	0.093	NoExpr
			STK33	E62K	0	RKKKKNINR	4	0	5510.88	6548.07	5.2	5.9	0.0	0.0	0.0	0.078	NoExpr
			SLC9A8	C184F	0	FVCVFVCFI	1	0	5585.08	20058.44	2.2	12.0	0.0	0.0	0.0	0.194	NoExpr
			PCDHA2	N467K	0	KNPPGCHIF	1	0	5857.21	10857.25	1.2	2.3	0.0	0.0	0.0	0.158	NoExpr
			VPS13C	R454W	0	ARQQAQVEVIW	11	0	5950.92	2407.29	5.5	2.9	0.0	0.0	0.0	0.303	NoExpr
			TRPM7	D570E	0	GNRAEKKEKM	5	0	6362.44	6512.81	5.7	5.8	0.0	0.0	0.0	0.048	NoExpr
			CES2	L326P	0	LLPGPIASS	5	0	6435.41	13538.17	1.3	3.2	0.0	0.0	0.0	0.068	NoExpr
			L3MBTL4	Y339C	0	HKYDCWVEA	5	0	6440.01	6240.81	5.8	5.7	0.0	0.0	0.0	0.316	NoExpr
			ING3	D380N	0	NQNCPIEWF	3	0	6488.83	16530.43	2.5	8.2	0.0	0.0	0.0	0.394	NoExpr
			IDH1	R132H	0	IIIGHHAY	5	0	6992.78	10436.6	2.7	4.4	0.0	0.0	0.0	0.477	NoExpr
			NFAT5	S1414A	0	QAPLYSPQNNM	2	0	7064.35	8237.98	1.4	1.7	0.0	0.0	0.0	0.313	NoExpr
			PIK3CA	P471L	0	ETLCLELEF	3	0	7084.02	8145.54	2.8	3.2	0.0	0.0	0.0	0.32	NoExpr
			FMNL2	D163E	0	SSVEKSKPW	4	0	7109.74	6836.14	2.8	2.7	0.0	0.0	0.0	0.07	NoExpr
			RELN	I2161K	0	KKSTKNPDFLK	2	0	8120.28	23531.48	6.9	25.0	0.0	0.0	0.0	0.07	NoExpr
			TAAR2	R15K	0	SHFKKTQTK	5	0	8636.66	6509.08	7.2	5.8	0.0	0.0	0.0	0.025	NoExpr
			ALDH1L1	C162Y	0	LLQKEYEVL	6	0	9038.58	12644.05	1.9	2.9	0.0	0.0	0.0	0.385	NoExpr
			SLC9A8	V185F	0	FVCFCVFVCF	4	0	9151.36	11944.15	3.7	5.2	0.0	0.0	0.0	0.2	NoExpr
			LY9	I470T	0	MVCLLCVGTF	9	0	10022.81	14770.85	4.2	6.9	0.0	0.0	0.0	0.261	NoExpr
			MAST1	D1398G	0	TRHQSVQTEG	10	0	12199.62	22207.29	9.8	22.0	0.0	0.0	0.0	0.107	NoExpr
			ILDR1	T146S	0	GVYYCSIEA	6	0	12499.05	10720.32	5.6	4.5	0.0	0.0	0.0	0.111	NoExpr
			RELN	S2162N	0	CKINTKNPDF	4	0	12819.4	11712.89	12.0	9.4	0.0	0.0	0.0	0.07	NoExpr
			IFIH1	D348N	0	IAKDHLNKK	7	0	14210.1	16397.01	6.6	8.0	0.0	0.0	0.0	0.065	NoExpr
			IFIH1	D348E	0	YIAKDHLEK	8	0	15343.1	26403.43	7.3	20.0	0.0	0.0	0.0	0.065	NoExpr
			BRIP1	E1145K	0	KKNDLAETDR	1	0	19551.88	35055.74	18.0	62.0	0.0	0.0	0.0	0.045	NoExpr
			PHF13	LK116-117L	0	LKKKKRKRR	6	0	26450.9	22985.92	31.0	24.0	0.0	0.0	0.0	0.047	NoExpr
			BRIP1	D1143N	0	DTNEEKNDL	3	0	33054.07	36275.43	33.0	42.0	0.0	0.0	0.0	0.043	NoExpr
			BRIP1	T1142K	0	FTPELYDPEDK	11	0	34318.3	36952.44	36.0	44.0	0.0	0.0	0.0	0.045	NoExpr
			BRIP1	E1144K	0	DTDKEKNDL	4	0	35868.36	34682.99	24.0	22.0	0.0	0.0	0.0	0.043	NoExpr
			BRIP1	D1143E	0	DTEEEKNDL	3	0	39177.06	36275.43	53.0	42.0	0.0	0.0	0.0	0.043	NoExpr
